SNP0,SNP1,SNP2,SNP3,SNP4,SNP5,SNP6,SNP7,SNP8,SNP9,diagnosis
GG,AG,YY,AA,CT,CA,GG,GA,AA,TT,0
AG,AG,YY,GG,CC,CC,GA,GG,GG,TT,0
AG,AG,YX,AA,TT,AA,GG,AA,GA,TT,1
AG,AG,YY,AA,CT,CA,GG,GA,GG,CC,0
AG,AG,XX,AA,CT,CA,GG,GA,GA,CT,0
AA,AA,YX,AA,TT,AA,GG,AA,GG,TT,0
GG,GG,YY,AA,CT,CA,GA,GA,GG,CC,0
AA,AA,YY,GA,CC,CC,GG,GG,GA,TT,0
GG,GG,YY,GA,CC,CC,GG,GA,GG,CT,1
AG,AG,YY,AA,CT,CA,GG,AA,GG,TT,1
GG,AG,YY,GA,CT,CA,GG,GG,AA,CT,0
AA,AA,YY,GA,CC,CC,GA,AA,GG,CC,0
GG,AG,YY,GA,CT,CA,GG,AA,GG,CC,0
AG,AA,YY,GA,CT,CA,GG,GA,GA,CT,0
AG,AG,YY,GA,CC,CC,GG,AA,GG,TT,0
AG,AG,YY,AA,CC,CC,GG,GG,GA,CC,1
AG,AG,YY,GA,CC,CC,GG,GA,GG,TT,0
GG,GG,YX,GA,CT,CA,GG,AA,GA,CT,0
AG,AA,YX,AA,TT,AA,GG,GA,GG,TT,0
AG,AG,YY,AA,CT,CA,GG,GA,GG,CC,1
AG,AG,YY,AA,CT,CA,GG,GG,GG,TT,0
AG,AG,YY,AA,TT,AA,GG,GA,GG,CT,1
AG,AG,YY,GA,CT,CA,GG,AA,GG,CC,0
AG,AG,YY,GA,CC,CC,GG,GG,GA,CC,0
GG,GG,XX,AA,CC,CC,GG,AA,GA,CT,0
GG,GG,YX,AA,CC,CC,GA,GA,GA,TT,0
GG,GG,YY,AA,TT,AA,GA,GG,GG,CT,1
GG,GG,YY,GA,CT,CA,GG,GA,GG,CT,1
GG,GG,YY,AA,CT,CA,GG,GA,GA,TT,1
AG,AG,YY,GA,CT,CA,GG,GG,GG,CT,1
AA,AA,YX,AA,CT,CA,GG,GA,GG,CC,1
GG,GG,YX,AA,CT,CA,GG,AA,GG,CC,0
GG,GG,YY,GA,CC,CC,GG,GA,GG,TT,1
AA,AA,YY,AA,CT,CA,GG,AA,GG,CT,1
GG,GG,YX,GA,CC,CC,GG,GG,GA,TT,0
AG,AG,YX,GA,CC,CC,GG,GG,GG,CT,0
AG,AG,YY,GA,CT,CA,GG,GA,GA,CT,0
AA,AA,YX,GA,CC,CC,GG,AA,GG,CT,0
GG,AG,YY,AA,TT,AA,GG,GA,GG,CC,0
AG,AG,YY,GA,CC,CC,GG,GG,GA,CC,1
AG,AG,YY,GA,CC,CC,GA,AA,AA,TT,0
AG,AG,YX,GA,CT,CA,GG,GA,GG,CT,1
AA,AA,YY,GA,CT,CA,GG,AA,GG,CT,0
GG,AG,YX,GA,CT,CA,GG,GG,GG,CC,1
AG,AG,YY,AA,TT,AA,GG,GA,GG,CT,0
AG,AA,YY,GA,CT,CA,GG,AA,GA,CC,1
GG,GG,YY,GA,CT,CA,GG,AA,GA,CC,0
GG,GG,YX,GA,CC,CC,GG,GA,GG,CC,0
AG,AG,YY,GG,CC,CC,GG,GA,GG,CC,1
AA,AA,YY,GA,CC,CC,AA,GA,GA,CT,0
GG,AG,YY,AA,CT,CA,GA,AA,GA,TT,1
AG,AG,YY,AA,CC,CC,GA,AA,GG,CC,0
AA,AA,YY,GA,CC,CC,GA,GA,GG,CT,0
GG,AG,YY,AA,CT,CA,GA,AA,GA,CT,0
AG,AG,YY,GA,CT,CA,GG,GA,GG,CT,0
AG,AG,YY,AA,CC,CC,GG,GG,GG,CT,1
AG,AG,YY,GG,CC,CC,GG,AA,GA,CC,0
GG,GG,YX,GA,CC,CC,GG,GA,GG,CC,1
AG,AA,YY,GA,CT,CA,GG,AA,GA,CT,0
AG,AG,YY,GA,CT,CA,GG,GA,GG,CT,0
AA,AA,YY,GG,CC,CC,GA,GG,GG,CT,1
AA,AA,YY,AA,CC,CC,GG,GA,GG,CT,0
AG,AG,YY,GG,CC,CC,AA,GG,GA,CT,0
GG,AG,YX,GA,CT,CA,GG,GG,GA,CC,0
GG,GG,YY,GA,CC,CC,GA,GG,GA,CC,0
AG,AG,YX,GA,CT,CA,GA,AA,GG,TT,0
AG,AA,YY,GA,CC,CC,GG,GA,GA,CT,0
GG,GG,YX,AA,CT,CA,GG,GA,GG,TT,0
AG,AG,YX,GA,CC,CC,GG,GA,GA,CC,0
AG,AG,YY,AA,CT,CA,GG,GG,GG,TT,0
AG,AG,YY,GA,CT,CA,GA,GA,GG,CT,0
AG,AG,YY,GA,CC,CC,GG,GA,GG,CC,0
AG,AG,YY,AA,CT,CA,GG,GA,GA,CT,0
AG,AG,YX,GA,CT,CA,GG,GA,GG,CT,0
AA,AA,YY,GA,CC,CC,GG,AA,GA,TT,0
AG,AG,YX,GA,CC,CC,GG,GG,GG,CC,0
GG,GG,YY,AA,CC,CC,GA,AA,GG,CC,0
GG,AA,YY,AA,CT,CA,GA,GA,GG,CC,1
AG,AG,YX,GG,CC,CC,GA,GG,GA,CC,0
AA,AA,YY,GA,CC,CC,GG,AA,GG,CT,0
GG,GG,YY,AA,TT,AA,GG,GA,GG,CT,0
AG,AG,YY,GA,CC,CC,GA,GA,GA,TT,0
AA,AA,YY,GG,CC,CC,GG,AA,GA,CC,0
GG,GG,YX,GA,CT,CA,GG,AA,GA,CT,0
AG,AG,YY,GA,CC,CC,GG,GG,GA,CT,0
AG,AG,YY,GA,CT,CA,GG,GG,GA,CT,1
AG,AG,YX,AA,CT,CA,GG,AA,GG,CT,0
GG,AG,YY,GA,CC,CC,GG,GA,GA,CT,0
GG,AG,YY,GA,CC,CC,GG,GA,GG,CC,0
AG,AG,YX,GA,CT,CA,GG,GA,GA,TT,0
GG,GG,YY,GA,CC,CC,GG,GA,GG,TT,0
AG,AG,YX,GA,CC,CC,GG,AA,GA,CT,0
AA,AA,YX,GA,CC,CC,GG,AA,GG,CT,0
AG,AG,YY,GA,CC,CC,GG,GA,GA,CT,0
AA,AA,YX,AA,TT,AA,GG,GG,GG,CT,0
AG,AA,YX,GG,CC,CC,GG,GA,GG,CT,0
AA,AA,YX,GA,CT,CA,GG,AA,GA,CT,0
GG,GG,YY,AA,TT,AA,GG,GA,GA,CT,1
GG,GG,YY,GA,CT,CA,GG,GA,GA,TT,1
AG,AG,YX,GA,CC,CC,GA,GA,GG,CT,1
AA,AA,YX,GA,CC,CC,GG,GA,GA,CC,0
AG,AG,XX,GA,CT,CA,GA,GA,GG,CT,0
AG,AG,YY,AA,TT,AA,GG,GA,GG,CT,1
AG,AG,YY,GA,CC,CC,GG,GG,GG,CT,0
GG,GG,YY,AA,CC,CC,GG,AA,GA,CT,0
AG,AG,YY,AA,CC,CC,GG,GA,GG,TT,0
AG,AG,YY,AA,CT,CA,GG,GA,GA,CT,1
AG,AG,YY,GA,CC,CC,GG,GA,GA,CT,0
AA,AA,YY,GG,CC,CC,GG,GG,GG,TT,1
GG,AG,YX,AA,CT,CA,GA,GA,GG,CT,1
AG,AG,YX,AA,CT,CA,GG,AA,GG,CT,0
AG,AG,YX,GA,CT,CA,GG,GA,GG,CT,0
AG,AG,YX,AA,CC,CC,GG,AA,GA,CT,1
AA,AA,YY,GA,CT,CA,GG,GG,GG,CT,0
GG,GG,YX,GG,CC,CC,GG,GA,GG,TT,1
AA,AA,YX,GA,CT,CA,GA,GG,AA,CT,0
GG,AA,YX,AA,CC,CC,GG,GG,AA,CT,0
GG,GG,YY,AA,CT,CA,GG,GG,GA,CT,0
GG,GG,YX,GA,CT,CA,GG,GA,GA,CT,1
AA,AA,XX,GA,CC,CC,GG,AA,GG,CC,1
AG,AG,YY,AA,CT,CA,GG,AA,GG,CT,0
AG,AG,YY,GA,CT,CA,GG,GA,GA,CT,0
GG,GG,YX,AA,TT,AA,GG,GA,GA,TT,1
AG,AG,YY,GA,CT,CA,GG,GG,GG,CT,0
GG,AG,YY,GA,CT,CA,GG,GA,GA,TT,0
GG,GG,YY,GA,CT,CA,GG,GG,AA,TT,0
GG,GG,YX,GG,CC,CC,GA,GG,GG,CT,0
AG,AG,YY,AA,CT,CA,GA,AA,GA,CT,0
GG,GG,YY,GA,CT,CA,GG,GG,GA,CC,1
GG,GG,YY,AA,CT,CA,GG,GA,GG,CC,0
GG,GG,YY,AA,TT,AA,GA,AA,GG,CT,0
GG,AG,YY,GG,CC,CC,GG,GG,GA,CC,0
GG,GG,YY,AA,CT,CA,AA,GG,GA,CT,0
GG,GG,YY,GA,CT,CA,GG,AA,GG,CT,0
AG,AG,YY,GA,CT,CA,GA,GA,GA,CT,0
AG,AG,YY,AA,CC,CC,GG,GA,GG,TT,1
GG,GG,YY,AA,CT,CA,GG,AA,AA,CT,0
AA,AA,YY,GA,CC,CC,GG,GA,GG,CT,1
GG,GG,YY,GA,CT,CA,GA,GA,GG,CT,1
GG,GG,YY,GA,CC,CC,GA,GA,GG,TT,0
AA,AA,YY,AA,CT,CA,GG,GA,GG,CT,0
AG,AG,YX,GA,CC,CC,GG,GA,GA,CT,0
AA,AA,YY,GA,CT,CA,GG,GA,GG,TT,1
GG,GG,YY,GA,CT,CA,GG,GA,GG,CT,0
AG,AG,YY,GA,CT,CA,GA,GA,GA,CT,0
AG,AG,YY,GA,CC,CC,GA,AA,GG,CT,0
AG,AG,YX,AA,TT,AA,AA,AA,GG,CT,0
AG,AG,YY,GA,CT,CA,GG,GA,GG,CC,1
GG,AG,YY,GA,CT,CA,GG,GG,GG,CT,0
GG,GG,YX,AA,CT,CA,GA,GA,GG,CT,0
AG,AG,YY,GA,CT,CA,GG,GA,GA,TT,0
AA,AG,YX,AA,CC,CC,GG,GG,GA,CC,1
GG,GG,YY,GG,CC,CC,GA,AA,GG,CT,1
AG,AG,YY,GA,CT,CA,GG,GG,GA,TT,0
AG,AG,YY,AA,TT,AA,GG,GG,GG,CT,0
GG,GG,YY,GA,CC,CC,GG,AA,GA,TT,0
AG,AG,YY,AA,TT,AA,GA,GA,GG,CT,0
AG,AA,YY,GA,CT,CA,GG,GG,GA,CT,0
AG,AG,YY,GA,CT,CA,GG,GA,GG,CT,0
GG,GG,YY,AA,CT,CA,GA,AA,GG,CT,0
AA,AA,YY,GA,CT,CA,GG,GG,GG,CT,0
GG,GG,YY,GA,CT,CA,GG,GG,GA,CT,0
AG,AG,YY,GA,CT,CA,GG,AA,GG,CC,0
AG,AG,YY,GA,CT,CA,GA,GA,GG,CT,0
GG,AG,YY,AA,CT,CA,GG,AA,AA,CT,0
AG,AG,YY,AA,CT,CA,GG,GA,GA,TT,0
AG,AG,YY,AA,TT,AA,GG,GA,GA,CC,0
AG,AG,YY,GA,CC,CC,GA,AA,GG,CC,1
AG,AG,YY,AA,CT,CA,GG,GA,GG,CC,0
GG,AG,YY,GA,CT,CA,GG,GA,GG,CC,0
GG,GG,YY,GA,CT,CA,GG,GA,GA,CT,1
GG,GG,YX,GG,CC,CC,GG,AA,GG,TT,0
GG,GG,YY,GG,CC,CC,GA,GA,GA,CT,0
AA,AA,YX,AA,TT,AA,GA,GG,AA,CT,0
AG,AG,YY,GA,CC,CC,GA,AA,GG,CT,0
GG,GG,YY,GA,CC,CC,GG,AA,GA,CT,0
AG,AA,YY,GA,CT,CA,GG,GG,GG,CT,0
AA,AA,YY,GG,CC,CC,GG,GA,GG,CT,1
AG,AG,YX,GA,CC,CC,GG,GA,GG,CT,0
GG,AG,YY,GA,CC,CC,GG,GA,AA,CC,0
AA,AA,YY,GA,CT,CA,GG,GA,GA,CT,1
AG,AA,YX,AA,TT,AA,GG,GA,GG,CT,1
AG,AG,YY,AA,TT,AA,GG,GA,GG,TT,1
GG,AG,YY,AA,TT,AA,GG,GA,GA,CT,1
AA,AA,YY,GA,CT,CA,GG,GG,GG,CT,1
AA,AA,YX,AA,CC,CC,GG,GA,GG,TT,1
AG,AG,YY,AA,CT,CA,GA,GA,GG,CT,0
AG,AA,YX,GA,CC,CC,GG,GG,GG,CT,0
AA,AA,YY,GG,CC,CC,GG,GA,GG,CC,0
GG,AG,YX,GG,CC,CC,GG,AA,GA,CC,0
AG,AG,YY,AA,CC,CC,GG,GA,GA,CT,0
AG,AA,YY,AA,CT,CA,GA,GA,GG,CT,0
AG,AG,YX,AA,CC,CC,GG,GG,GA,CT,0
AG,AG,YY,GG,CC,CC,GG,GG,GG,CC,0
AG,AG,YY,AA,TT,AA,GA,GG,GA,CT,0
AA,AA,YX,GG,CC,CC,GG,GA,GA,CT,0
AA,AA,XX,AA,CT,CA,GA,GG,GG,TT,1
GG,GG,YY,AA,CC,CC,GA,GG,GG,TT,1
AG,AG,YX,GG,CC,CC,GG,AA,GG,CC,0
AG,AG,YX,AA,CC,CC,GG,GG,GG,CC,0
AG,AG,YY,GG,CC,CC,GG,GA,GG,CT,0
AG,AG,YY,AA,CT,CA,GA,GA,GG,CT,1
AG,AG,YY,AA,CT,CA,GG,GG,GA,CT,0
AA,AA,YY,GA,CT,CA,GG,AA,GG,CT,0
AG,AG,YX,AA,CC,CC,GG,GA,GG,CT,0
AG,AG,YX,AA,CC,CC,GG,GG,GG,CT,0
GG,GG,YY,AA,CT,CA,GG,GG,GA,CT,0
AG,AG,YY,GA,CC,CC,GG,GA,GG,CT,0
GG,AG,YY,AA,CC,CC,GG,AA,GG,CC,0
GG,GG,XX,GA,CC,CC,GG,GA,GA,CT,0
AA,AA,YY,AA,CT,CA,GG,GA,GA,CT,0
AA,AA,YX,GA,CC,CC,GA,GG,GA,CC,0
AA,AA,YX,GG,CC,CC,GG,GA,AA,CT,1
GG,AG,YY,GA,CT,CA,GG,AA,AA,CT,1
GG,GG,YX,GG,CC,CC,GG,GA,GG,CT,0
AG,AG,YY,GA,CC,CC,GG,GA,GA,CT,0
GG,GG,YY,AA,CT,CA,GG,GG,GA,CT,0
GG,GG,YY,AA,CT,CA,GG,GG,AA,CT,1
AG,AG,YY,AA,CT,CA,GA,AA,GG,TT,0
AG,AG,YY,AA,CT,CA,GG,GA,GA,CT,1
AG,AG,YY,AA,CC,CC,GG,GG,GG,TT,1
AG,AA,YX,GA,CT,CA,GG,GA,GG,CC,1
AG,AA,YX,GG,CC,CC,GG,AA,GG,CT,1
AG,AG,YY,AA,CT,CA,GA,AA,GG,CT,1
AG,AG,YX,AA,CT,CA,GG,GG,GA,CC,1
GG,GG,YY,GG,CC,CC,GG,GA,GG,CC,1
AG,AG,YX,GA,CT,CA,GG,GA,GG,TT,1
AA,AA,XX,AA,TT,AA,GA,GA,GG,CT,1
AG,AG,YY,AA,CC,CC,GG,GA,GG,CT,1
GG,GG,YY,GG,CC,CC,GG,GA,GG,CC,0
GG,GG,YY,GA,CT,CA,GG,GG,GG,CC,0
AG,AG,YY,GA,CT,CA,GG,GG,GG,TT,0
GG,AG,YY,AA,CC,CC,GG,GG,GA,CT,0
AA,AA,YX,GG,CC,CC,GA,GG,GG,CT,1
GG,GG,YX,AA,CC,CC,GA,AA,GA,CC,0
AG,AG,YY,GG,CC,CC,GA,GA,GG,CT,0
GG,GG,YY,AA,CT,CA,GG,GA,GG,TT,0
AG,AG,YY,AA,CT,CA,GG,GA,GA,CT,0
AG,AG,YY,AA,CT,CA,GA,GA,GG,TT,0
AG,AA,YY,GA,CT,CA,GG,GG,GA,CC,0
GG,GG,YY,AA,CC,CC,GA,GG,GA,CC,0
AG,AG,YX,GG,CC,CC,GG,GG,GG,CT,1
AG,AG,YX,GA,CC,CC,GG,AA,GG,CC,1
GG,GG,YY,GG,CC,CC,GG,GG,GG,CT,0
GG,GG,YX,AA,TT,AA,GG,GA,GG,CC,1
GG,GG,YY,AA,TT,AA,GG,GA,GA,TT,0
AG,AG,YY,AA,TT,AA,GA,GA,GG,CT,0
AA,AA,YX,GA,CC,CC,GA,GG,GG,TT,0
AG,AG,YY,AA,CT,CA,GA,GA,GG,CT,0
AG,AG,XX,GA,CC,CC,GG,GG,GG,TT,0
AG,AG,YY,GA,CC,CC,GA,GA,GA,TT,0
AA,AA,YY,GA,CC,CC,GG,GG,GG,TT,0
GG,GG,YX,GA,CT,CA,GA,GA,GA,TT,0
AG,AA,YX,GA,CC,CC,GG,AA,AA,TT,0
AG,AA,YX,AA,CT,CA,GG,GG,GA,CC,0
AG,AG,YX,GA,CT,CA,GG,GA,GG,CT,1
AG,AG,YY,AA,CT,CA,GA,GA,GG,TT,1
AG,AA,YY,GA,CT,CA,GA,AA,GG,CC,0
GG,GG,YY,GG,CC,CC,GG,AA,GA,CT,0
GG,AG,YX,AA,TT,AA,GG,GA,GG,CT,0
GG,GG,YX,AA,TT,AA,GG,GG,GG,CT,0
AG,AG,YX,GA,CC,CC,GA,AA,GG,CT,0
AG,AG,XX,GA,CC,CC,GA,GG,GG,TT,0
AG,AG,XX,AA,CC,CC,GG,GA,GG,CT,0
AG,AG,YY,AA,CT,CA,GG,GA,GA,TT,1
AG,AG,YX,GA,CT,CA,GG,GA,AA,CC,1
AG,AG,YY,AA,CT,CA,GA,GA,GG,CC,0
GG,GG,YX,GA,CT,CA,GA,GA,GG,CC,0
GG,GG,YY,AA,CC,CC,GG,AA,GG,CT,0
AG,AG,YX,GA,CC,CC,GG,GG,GG,CT,0
AG,AG,YX,GA,CC,CC,GG,GG,GG,TT,1
GG,AG,YX,GA,CT,CA,GG,GA,GG,TT,1
GG,GG,YY,AA,CT,CA,GG,GA,GG,TT,0
AG,AG,YY,AA,CC,CC,GG,GG,GG,CT,0
AG,AA,YY,AA,CT,CA,GG,GA,GG,CT,0
GG,GG,YY,AA,TT,AA,GG,AA,GG,CC,0
GG,GG,YY,GA,CC,CC,GG,GG,GA,TT,1
AG,AG,YX,GA,CC,CC,GG,GG,GA,CT,1
GG,GG,YY,AA,CC,CC,GG,AA,GG,CC,0
GG,GG,YY,AA,CT,CA,GG,GA,GG,CT,0
AA,AA,YX,AA,TT,AA,GG,GA,GA,CT,0
AA,AA,YY,AA,CC,CC,GA,GG,GA,CT,0
AG,AG,YY,AA,CT,CA,GG,GA,GA,CC,0
AG,AG,YX,AA,CC,CC,GA,GA,GG,CT,0
GG,GG,YY,AA,CT,CA,GG,GA,GA,CT,0
AG,AA,YY,AA,CT,CA,GG,AA,AA,CT,0
AA,AA,YY,AA,TT,AA,GG,GG,AA,CT,0
AG,AG,YY,GG,CC,CC,GG,GA,GA,CC,0
AA,AA,YY,GG,CC,CC,GG,GA,GG,CT,0
GG,AG,YY,AA,CC,CC,GG,GA,GA,CC,0
AA,AA,YY,AA,TT,AA,GG,GA,GA,CT,0
AG,AG,YY,GG,CC,CC,GG,GA,GG,CT,1
AG,AG,YY,AA,CC,CC,GG,GG,GA,CT,0
GG,AG,YY,AA,CT,CA,GG,AA,GG,CT,1
GG,GG,YY,AA,TT,AA,GA,AA,GA,CT,0
AG,AG,YY,GG,CC,CC,GA,GG,GA,TT,0
GG,GG,YY,AA,CT,CA,GG,GA,GA,CT,0
